date,demand,predicted_demand
2023-01-01,135.0,126.14
2023-01-02,124.0,130.36
2023-01-03,138.0,130.12
2023-01-04,118.0,129.19
2023-01-05,145.0,128.58
2023-01-06,140.0,128.82
2023-01-07,138.0,129.53
2023-01-08,146.0,130.36
2023-01-09,153.0,133.17
2023-01-10,147.0,137.96
2023-01-11,119.0,143.63
2023-01-12,125.0,138.96
2023-01-13,132.0,134.12
2023-01-14,139.0,137.73
2023-01-15,144.0,138.99
2023-01-16,132.0,140.65
2023-01-17,141.0,141.97
2023-01-18,132.0,139.52
2023-01-19,134.0,137.0
2023-01-20,127.0,137.39
2023-01-21,132.0,137.65
2023-01-22,128.0,135.92
2023-01-23,132.0,136.24
2023-01-24,153.0,138.09
2023-01-25,133.0,136.75
2023-01-26,169.0,135.44
2023-01-27,148.0,139.46
2023-01-28,145.0,135.06
2023-01-29,135.0,135.37
2023-01-30,151.0,137.57
2023-01-31,139.0,140.54
2023-02-01,146.0,134.6
2023-02-02,171.0,140.38
2023-02-03,145.0,141.23
2023-02-04,157.0,139.31
2023-02-05,139.0,133.45
2023-02-06,146.0,136.67
2023-02-07,165.0,137.31
2023-02-08,141.0,138.03
2023-02-09,166.0,136.3
2023-02-10,155.0,139.63
2023-02-11,143.0,141.89
2023-02-12,155.0,132.33
2023-02-13,159.0,139.35
2023-02-14,155.0,140.04
2023-02-15,134.0,138.02
2023-02-16,142.0,137.93
2023-02-17,148.0,136.39
2023-02-18,150.0,136.86
2023-02-19,157.0,139.08
2023-02-20,153.0,140.7
2023-02-21,138.0,142.55
2023-02-22,155.0,135.97
2023-02-23,158.0,137.2
2023-02-24,157.0,139.96
2023-02-25,163.0,139.56
2023-02-26,161.0,138.27
2023-02-27,157.0,141.02
2023-02-28,152.0,139.65
2023-03-01,136.0,139.65
2023-03-02,158.0,137.83
2023-03-03,156.0,139.81
2023-03-04,156.0,139.32
2023-03-05,141.0,137.61
2023-03-06,143.0,136.16
2023-03-07,165.0,136.67
2023-03-08,154.0,135.6
2023-03-09,162.0,137.29
2023-03-10,155.0,138.47
2023-03-11,155.0,138.37
2023-03-12,165.0,134.57
2023-03-13,150.0,136.96
2023-03-14,157.0,137.92
2023-03-15,151.0,139.21
2023-03-16,152.0,137.94
2023-03-17,153.0,138.16
2023-03-18,158.0,139.21
2023-03-19,151.0,137.75
2023-03-20,169.0,139.19
2023-03-21,148.0,139.95
2023-03-22,155.0,139.38
2023-03-23,152.0,139.0
2023-03-24,171.0,138.35
2023-03-25,159.0,138.81
2023-03-26,167.0,137.78
2023-03-27,142.0,139.94
2023-03-28,160.0,136.75
2023-03-29,166.0,140.15
2023-03-30,158.0,138.97
2023-03-31,168.0,139.19
2023-04-01,152.0,138.93
2023-04-02,172.0,136.72
2023-04-03,181.0,139.15
2023-04-04,154.0,140.0
2023-04-05,153.0,139.57
2023-04-06,172.0,137.6
2023-04-07,173.0,138.71
2023-04-08,152.0,139.53
2023-04-09,154.0,137.09
2023-04-10,155.0,139.08
2023-04-11,144.0,139.41
2023-04-12,149.0,137.85
2023-04-13,148.0,137.58
2023-04-14,150.0,137.77
2023-04-15,157.0,138.26
2023-04-16,160.0,138.41
2023-04-17,173.0,139.98
2023-04-18,148.0,138.7
2023-04-19,167.0,139.02
2023-04-20,155.0,138.54
2023-04-21,157.0,138.28
2023-04-22,164.0,138.92
2023-04-23,146.0,137.84
2023-04-24,161.0,138.86
2023-04-25,159.0,138.99
2023-04-26,162.0,140.26
2023-04-27,160.0,139.07
2023-04-28,181.0,138.33
2023-04-29,150.0,138.83
2023-04-30,151.0,134.88
2023-05-01,150.0,137.56
2023-05-02,151.0,137.15
2023-05-03,150.0,137.35
2023-05-04,168.0,137.22
2023-05-05,170.0,138.32
2023-05-06,150.0,139.2
2023-05-07,147.0,136.73
2023-05-08,160.0,138.48
2023-05-09,150.0,138.85
2023-05-10,162.0,137.92
2023-05-11,157.0,139.07
2023-05-12,140.0,135.45
2023-05-13,170.0,131.36
2023-05-14,172.0,134.12
2023-05-15,148.0,136.61
2023-05-16,150.0,136.0
2023-05-17,157.0,135.63
2023-05-18,157.0,132.32
2023-05-19,160.0,131.9
2023-05-20,173.0,132.66
2023-05-21,151.0,132.0
2023-05-22,145.0,130.63
2023-05-23,139.0,131.05
2023-05-24,145.0,129.58
2023-05-25,152.0,131.58
2023-05-26,170.0,132.4
2023-05-27,147.0,132.74
2023-05-28,154.0,131.5
2023-05-29,151.0,130.52
2023-05-30,163.0,130.93
2023-05-31,176.0,130.5
2023-06-01,145.0,132.45
2023-06-02,145.0,131.47
2023-06-03,161.0,129.83
2023-06-04,157.0,130.82
2023-06-05,168.0,131.42
2023-06-06,155.0,130.24
2023-06-07,145.0,130.3
2023-06-08,155.0,128.87
2023-06-09,160.0,128.5
2023-06-10,156.0,128.66
2023-06-11,153.0,126.78
2023-06-12,158.0,129.84
2023-06-13,159.0,130.15
2023-06-14,161.0,127.5
2023-06-15,153.0,129.49
2023-06-16,145.0,128.59
2023-06-17,148.0,128.63
2023-06-18,158.0,128.07
2023-06-19,138.0,129.73
2023-06-20,149.0,127.82
2023-06-21,141.0,128.01
2023-06-22,145.0,125.7
2023-06-23,157.0,126.79
2023-06-24,146.0,127.31
2023-06-25,144.0,127.68
2023-06-26,130.0,128.74
2023-06-27,151.0,129.52
2023-06-28,150.0,128.03
2023-06-29,164.0,127.58
2023-06-30,139.0,128.93
2023-07-01,144.0,125.39
2023-07-02,144.0,125.74
2023-07-03,157.0,131.02
2023-07-04,140.0,129.58
2023-07-05,144.0,127.08
2023-07-06,147.0,128.85
2023-07-07,142.0,126.82
2023-07-08,136.0,126.14
2023-07-09,142.0,126.63
2023-07-10,150.0,127.57
2023-07-11,129.0,128.3
2023-07-12,140.0,129.32
2023-07-13,132.0,126.45
2023-07-14,150.0,128.32
2023-07-15,123.0,127.39
2023-07-16,132.0,127.26
2023-07-17,141.0,128.0
2023-07-18,153.0,128.4
2023-07-19,136.0,126.43
2023-07-20,131.0,128.15
2023-07-21,155.0,126.39
2023-07-22,122.0,128.92
2023-07-23,114.0,131.22
2023-07-24,140.0,129.7
2023-07-25,130.0,126.32
2023-07-26,125.0,130.08
2023-07-27,142.0,130.88
2023-07-28,137.0,126.72
2023-07-29,128.0,122.79
2023-07-30,121.0,128.23
2023-07-31,142.0,130.92
2023-08-01,140.0,127.61
2023-08-02,132.0,127.79
2023-08-03,151.0,126.88
2023-08-04,122.0,126.27
2023-08-05,117.0,129.42
2023-08-06,125.0,128.6
2023-08-07,131.0,131.74
2023-08-08,134.0,127.36
2023-08-09,129.0,125.43
2023-08-10,135.0,124.47
2023-08-11,118.0,121.91
2023-08-12,145.0,123.12
2023-08-13,130.0,121.97
2023-08-14,141.0,127.29
2023-08-15,134.0,125.96
2023-08-16,134.0,127.92
2023-08-17,135.0,128.68
2023-08-18,134.0,128.27
2023-08-19,136.0,126.33
2023-08-20,142.0,127.86
2023-08-21,131.0,126.03
2023-08-22,136.0,129.36
2023-08-23,128.0,127.67
2023-08-24,143.0,128.91
2023-08-25,121.0,126.91
2023-08-26,146.0,127.67
2023-08-27,128.0,123.98
2023-08-28,113.0,130.02
2023-08-29,129.0,123.54
2023-08-30,121.0,122.25
2023-08-31,136.0,125.3
2023-09-01,121.0,121.26
2023-09-02,123.0,124.04
2023-09-03,108.0,122.54
2023-09-04,122.0,122.01
2023-09-05,102.0,123.17
2023-09-06,111.0,121.33
2023-09-07,134.0,121.17
2023-09-08,134.0,121.95
2023-09-09,131.0,120.77
2023-09-10,117.0,122.23
2023-09-11,126.0,123.45
2023-09-12,126.0,121.72
2023-09-13,114.0,121.99
2023-09-14,141.0,119.44
2023-09-15,135.0,118.02
2023-09-16,124.0,121.01
2023-09-17,126.0,122.21
2023-09-18,128.0,123.59
2023-09-19,105.0,122.47
2023-09-20,123.0,118.51
2023-09-21,119.0,118.6
2023-09-22,116.0,115.31
2023-09-23,123.0,118.0
2023-09-24,144.0,120.28
2023-09-25,132.0,117.36
2023-09-26,120.0,117.99
2023-09-27,131.0,120.44
2023-09-28,140.0,119.45
2023-09-29,135.0,116.36
2023-09-30,126.0,122.81
2023-10-01,119.0,123.41
2023-10-02,133.0,121.16
2023-10-03,130.0,124.02
2023-10-04,135.0,123.16
2023-10-05,132.0,122.73
2023-10-06,137.0,126.04
2023-10-07,121.0,117.63
2023-10-08,139.0,122.36
2023-10-09,128.0,123.3
2023-10-10,147.0,127.74
2023-10-11,120.0,126.83
2023-10-12,144.0,128.45
2023-10-13,129.0,127.45
2023-10-14,120.0,126.62
2023-10-15,122.0,125.18
2023-10-16,124.0,124.57
2023-10-17,131.0,125.25
2023-10-18,133.0,125.88
2023-10-19,122.0,125.76
2023-10-20,127.0,123.92
2023-10-21,149.0,123.0
2023-10-22,145.0,121.51
2023-10-23,133.0,126.77
2023-10-24,129.0,128.13
2023-10-25,130.0,128.96
2023-10-26,135.0,128.54
2023-10-27,119.0,126.75
2023-10-28,127.0,127.4
2023-10-29,113.0,125.47
2023-10-30,133.0,124.7
2023-10-31,136.0,124.7
2023-11-01,125.0,122.94
2023-11-02,146.0,124.14
2023-11-03,118.0,121.12
2023-11-04,116.0,122.38
2023-11-05,133.0,123.75
2023-11-06,142.0,125.27
2023-11-07,148.0,122.61
2023-11-08,127.0,126.33
2023-11-09,143.0,129.49
2023-11-10,132.0,131.05
2023-11-11,131.0,128.78
2023-11-12,141.0,125.62
2023-11-13,139.0,127.29
2023-11-14,117.0,127.18
2023-11-15,148.0,128.17
2023-11-16,148.0,126.6
2023-11-17,128.0,127.15
2023-11-18,138.0,127.56
2023-11-19,140.0,123.99
2023-11-20,138.0,128.15
2023-11-21,130.0,129.42
2023-11-22,129.0,128.73
2023-11-23,136.0,129.71
2023-11-24,148.0,126.01
2023-11-25,142.0,126.65
2023-11-26,133.0,124.51
2023-11-27,145.0,128.75
2023-11-28,109.0,130.27
2023-11-29,149.0,130.45
2023-11-30,121.0,127.77
2023-12-01,135.0,130.51
2023-12-02,128.0,127.01
2023-12-03,126.0,127.96
2023-12-04,151.0,131.18
2023-12-05,135.0,131.28
2023-12-06,144.0,128.08
2023-12-07,140.0,131.31
2023-12-08,146.0,126.35
2023-12-09,142.0,126.97
2023-12-10,129.0,123.28
2023-12-11,152.0,129.74
2023-12-12,137.0,128.01
2023-12-13,127.0,126.86
2023-12-14,139.0,129.54
2023-12-15,159.0,126.35
2023-12-16,152.0,127.55
2023-12-17,141.0,126.25
2023-12-18,141.0,127.69
2023-12-19,142.0,127.47
2023-12-20,166.0,128.73
2023-12-21,150.0,128.42
2023-12-22,150.0,128.8
2023-12-23,157.0,128.24
2023-12-24,149.0,126.18
2023-12-25,145.0,127.88
2023-12-26,146.0,127.33
2023-12-27,147.0,128.11
2023-12-28,148.0,129.88
2023-12-29,156.0,128.35
2023-12-30,150.0,129.87
2023-12-31,157.0,125.79
