date,demand
2021-01-01,105.0
2021-01-02,99.0
2021-01-03,107.0
2021-01-04,116.0
2021-01-05,99.0
2021-01-06,100.0
2021-01-07,118.0
2021-01-08,110.0
2021-01-09,98.0
2021-01-10,109.0
2021-01-11,99.0
2021-01-12,100.0
2021-01-13,107.0
2021-01-14,86.0
2021-01-15,88.0
2021-01-16,100.0
2021-01-17,96.0
2021-01-18,110.0
2021-01-19,98.0
2021-01-20,93.0
2021-01-21,122.0
2021-01-22,106.0
2021-01-23,109.0
2021-01-24,95.0
2021-01-25,104.0
2021-01-26,111.0
2021-01-27,98.0
2021-01-28,114.0
2021-01-29,105.0
2021-01-30,108.0
2021-01-31,105.0
2021-02-01,130.0
2021-02-02,112.0
2021-02-03,102.0
2021-02-04,121.0
2021-02-05,101.0
2021-02-06,115.0
2021-02-07,94.0
2021-02-08,101.0
2021-02-09,116.0
2021-02-10,122.0
2021-02-11,117.0
2021-02-12,114.0
2021-02-13,112.0
2021-02-14,101.0
2021-02-15,109.0
2021-02-16,112.0
2021-02-17,127.0
2021-02-18,120.0
2021-02-19,100.0
2021-02-20,121.0
2021-02-21,114.0
2021-02-22,111.0
2021-02-23,124.0
2021-02-24,129.0
2021-02-25,128.0
2021-02-26,111.0
2021-02-27,116.0
2021-02-28,123.0
2021-03-01,129.0
2021-03-02,115.0
2021-03-03,118.0
2021-03-04,109.0
2021-03-05,109.0
2021-03-06,129.0
2021-03-07,135.0
2021-03-08,120.0
2021-03-09,131.0
2021-03-10,125.0
2021-03-11,115.0
2021-03-12,125.0
2021-03-13,137.0
2021-03-14,122.0
2021-03-15,138.0
2021-03-16,96.0
2021-03-17,131.0
2021-03-18,124.0
2021-03-19,120.0
2021-03-20,124.0
2021-03-21,103.0
2021-03-22,121.0
2021-03-23,127.0
2021-03-24,138.0
2021-03-25,118.0
2021-03-26,116.0
2021-03-27,119.0
2021-03-28,133.0
2021-03-29,127.0
2021-03-30,119.0
2021-03-31,129.0
2021-04-01,125.0
2021-04-02,134.0
2021-04-03,117.0
2021-04-04,121.0
2021-04-05,120.0
2021-04-06,110.0
2021-04-07,127.0
2021-04-08,127.0
2021-04-09,124.0
2021-04-10,122.0
2021-04-11,110.0
2021-04-12,120.0
2021-04-13,121.0
2021-04-14,116.0
2021-04-15,123.0
2021-04-16,128.0
2021-04-17,143.0
2021-04-18,126.0
2021-04-19,127.0
2021-04-20,123.0
2021-04-21,105.0
2021-04-22,124.0
2021-04-23,124.0
2021-04-24,148.0
2021-04-25,122.0
2021-04-26,127.0
2021-04-27,123.0
2021-04-28,112.0
2021-04-29,135.0
2021-04-30,131.0
2021-05-01,131.0
2021-05-02,114.0
2021-05-03,137.0
2021-05-04,109.0
2021-05-05,128.0
2021-05-06,144.0
2021-05-07,112.0
2021-05-08,116.0
2021-05-09,123.0
2021-05-10,117.0
2021-05-11,106.0
2021-05-12,122.0
2021-05-13,111.0
2021-05-14,126.0
2021-05-15,112.0
2021-05-16,136.0
2021-05-17,113.0
2021-05-18,117.0
2021-05-19,128.0
2021-05-20,108.0
2021-05-21,122.0
2021-05-22,133.0
2021-05-23,103.0
2021-05-24,121.0
2021-05-25,121.0
2021-05-26,126.0
2021-05-27,106.0
2021-05-28,105.0
2021-05-29,123.0
2021-05-30,121.0
2021-05-31,120.0
2021-06-01,121.0
2021-06-02,110.0
2021-06-03,119.0
2021-06-04,119.0
2021-06-05,109.0
2021-06-06,135.0
2021-06-07,120.0
2021-06-08,103.0
2021-06-09,122.0
2021-06-10,105.0
2021-06-11,122.0
2021-06-12,126.0
2021-06-13,106.0
2021-06-14,123.0
2021-06-15,118.0
2021-06-16,121.0
2021-06-17,132.0
2021-06-18,110.0
2021-06-19,105.0
2021-06-20,103.0
2021-06-21,104.0
2021-06-22,111.0
2021-06-23,115.0
2021-06-24,114.0
2021-06-25,119.0
2021-06-26,110.0
2021-06-27,125.0
2021-06-28,107.0
2021-06-29,137.0
2021-06-30,115.0
2021-07-01,100.0
2021-07-02,98.0
2021-07-03,113.0
2021-07-04,106.0
2021-07-05,115.0
2021-07-06,112.0
2021-07-07,106.0
2021-07-08,98.0
2021-07-09,91.0
2021-07-10,102.0
2021-07-11,114.0
2021-07-12,108.0
2021-07-13,93.0
2021-07-14,107.0
2021-07-15,108.0
2021-07-16,96.0
2021-07-17,106.0
2021-07-18,104.0
2021-07-19,92.0
2021-07-20,107.0
2021-07-21,109.0
2021-07-22,113.0
2021-07-23,113.0
2021-07-24,88.0
2021-07-25,92.0
2021-07-26,107.0
2021-07-27,106.0
2021-07-28,106.0
2021-07-29,139.0
2021-07-30,106.0
2021-07-31,112.0
2021-08-01,110.0
2021-08-02,106.0
2021-08-03,96.0
2021-08-04,107.0
2021-08-05,91.0
2021-08-06,96.0
2021-08-07,94.0
2021-08-08,99.0
2021-08-09,121.0
2021-08-10,79.0
2021-08-11,104.0
2021-08-12,81.0
2021-08-13,92.0
2021-08-14,108.0
2021-08-15,97.0
2021-08-16,86.0
2021-08-17,89.0
2021-08-18,103.0
2021-08-19,89.0
2021-08-20,98.0
2021-08-21,96.0
2021-08-22,89.0
2021-08-23,117.0
2021-08-24,101.0
2021-08-25,75.0
2021-08-26,97.0
2021-08-27,88.0
2021-08-28,103.0
2021-08-29,86.0
2021-08-30,93.0
2021-08-31,99.0
2021-09-01,103.0
2021-09-02,82.0
2021-09-03,90.0
2021-09-04,89.0
2021-09-05,87.0
2021-09-06,111.0
2021-09-07,97.0
2021-09-08,80.0
2021-09-09,102.0
2021-09-10,114.0
2021-09-11,103.0
2021-09-12,78.0
2021-09-13,88.0
2021-09-14,105.0
2021-09-15,85.0
2021-09-16,97.0
2021-09-17,100.0
2021-09-18,83.0
2021-09-19,92.0
2021-09-20,60.0
2021-09-21,82.0
2021-09-22,90.0
2021-09-23,80.0
2021-09-24,109.0
2021-09-25,78.0
2021-09-26,88.0
2021-09-27,94.0
2021-09-28,107.0
2021-09-29,78.0
2021-09-30,104.0
2021-10-01,93.0
2021-10-02,83.0
2021-10-03,97.0
2021-10-04,95.0
2021-10-05,87.0
2021-10-06,93.0
2021-10-07,89.0
2021-10-08,94.0
2021-10-09,100.0
2021-10-10,109.0
2021-10-11,81.0
2021-10-12,115.0
2021-10-13,74.0
2021-10-14,92.0
2021-10-15,100.0
2021-10-16,97.0
2021-10-17,88.0
2021-10-18,92.0
2021-10-19,89.0
2021-10-20,88.0
2021-10-21,103.0
2021-10-22,98.0
2021-10-23,88.0
2021-10-24,104.0
2021-10-25,98.0
2021-10-26,103.0
2021-10-27,102.0
2021-10-28,87.0
2021-10-29,90.0
2021-10-30,104.0
2021-10-31,102.0
2021-11-01,96.0
2021-11-02,98.0
2021-11-03,110.0
2021-11-04,91.0
2021-11-05,103.0
2021-11-06,96.0
2021-11-07,96.0
2021-11-08,109.0
2021-11-09,107.0
2021-11-10,107.0
2021-11-11,112.0
2021-11-12,99.0
2021-11-13,106.0
2021-11-14,97.0
2021-11-15,103.0
2021-11-16,99.0
2021-11-17,102.0
2021-11-18,107.0
2021-11-19,93.0
2021-11-20,122.0
2021-11-21,92.0
2021-11-22,90.0
2021-11-23,114.0
2021-11-24,111.0
2021-11-25,109.0
2021-11-26,110.0
2021-11-27,104.0
2021-11-28,95.0
2021-11-29,105.0
2021-11-30,98.0
2021-12-01,115.0
2021-12-02,104.0
2021-12-03,98.0
2021-12-04,103.0
2021-12-05,111.0
2021-12-06,101.0
2021-12-07,99.0
2021-12-08,110.0
2021-12-09,110.0
2021-12-10,103.0
2021-12-11,104.0
2021-12-12,111.0
2021-12-13,95.0
2021-12-14,96.0
2021-12-15,103.0
2021-12-16,108.0
2021-12-17,114.0
2021-12-18,126.0
2021-12-19,120.0
2021-12-20,110.0
2021-12-21,112.0
2021-12-22,103.0
2021-12-23,113.0
2021-12-24,111.0
2021-12-25,117.0
2021-12-26,106.0
2021-12-27,120.0
2021-12-28,130.0
2021-12-29,114.0
2021-12-30,120.0
2021-12-31,123.0
2022-01-01,113.0
2022-01-02,119.0
2022-01-03,118.0
2022-01-04,119.0
2022-01-05,111.0
2022-01-06,119.0
2022-01-07,124.0
2022-01-08,134.0
2022-01-09,129.0
2022-01-10,142.0
2022-01-11,113.0
2022-01-12,130.0
2022-01-13,123.0
2022-01-14,144.0
2022-01-15,114.0
2022-01-16,114.0
2022-01-17,117.0
2022-01-18,102.0
2022-01-19,118.0
2022-01-20,116.0
2022-01-21,126.0
2022-01-22,128.0
2022-01-23,144.0
2022-01-24,135.0
2022-01-25,120.0
2022-01-26,117.0
2022-01-27,131.0
2022-01-28,114.0
2022-01-29,146.0
2022-01-30,139.0
2022-01-31,123.0
2022-02-01,111.0
2022-02-02,142.0
2022-02-03,128.0
2022-02-04,142.0
2022-02-05,114.0
2022-02-06,124.0
2022-02-07,130.0
2022-02-08,131.0
2022-02-09,126.0
2022-02-10,137.0
2022-02-11,121.0
2022-02-12,130.0
2022-02-13,133.0
2022-02-14,138.0
2022-02-15,140.0
2022-02-16,122.0
2022-02-17,118.0
2022-02-18,146.0
2022-02-19,137.0
2022-02-20,127.0
2022-02-21,150.0
2022-02-22,136.0
2022-02-23,147.0
2022-02-24,136.0
2022-02-25,156.0
2022-02-26,153.0
2022-02-27,133.0
2022-02-28,146.0
2022-03-01,143.0
2022-03-02,150.0
2022-03-03,127.0
2022-03-04,144.0
2022-03-05,148.0
2022-03-06,120.0
2022-03-07,126.0
2022-03-08,117.0
2022-03-09,135.0
2022-03-10,145.0
2022-03-11,153.0
2022-03-12,139.0
2022-03-13,155.0
2022-03-14,125.0
2022-03-15,122.0
2022-03-16,139.0
2022-03-17,143.0
2022-03-18,139.0
2022-03-19,119.0
2022-03-20,139.0
2022-03-21,127.0
2022-03-22,147.0
2022-03-23,144.0
2022-03-24,131.0
2022-03-25,135.0
2022-03-26,130.0
2022-03-27,140.0
2022-03-28,150.0
2022-03-29,131.0
2022-03-30,146.0
2022-03-31,135.0
2022-04-01,133.0
2022-04-02,140.0
2022-04-03,131.0
2022-04-04,135.0
2022-04-05,129.0
2022-04-06,161.0
2022-04-07,141.0
2022-04-08,134.0
2022-04-09,143.0
2022-04-10,140.0
2022-04-11,139.0
2022-04-12,147.0
2022-04-13,149.0
2022-04-14,136.0
2022-04-15,135.0
2022-04-16,138.0
2022-04-17,118.0
2022-04-18,126.0
2022-04-19,154.0
2022-04-20,157.0
2022-04-21,138.0
2022-04-22,146.0
2022-04-23,144.0
2022-04-24,171.0
2022-04-25,152.0
2022-04-26,139.0
2022-04-27,131.0
2022-04-28,124.0
2022-04-29,142.0
2022-04-30,132.0
2022-05-01,126.0
2022-05-02,133.0
2022-05-03,129.0
2022-05-04,156.0
2022-05-05,148.0
2022-05-06,139.0
2022-05-07,154.0
2022-05-08,140.0
2022-05-09,130.0
2022-05-10,154.0
2022-05-11,144.0
2022-05-12,128.0
2022-05-13,136.0
2022-05-14,129.0
2022-05-15,124.0
2022-05-16,147.0
2022-05-17,156.0
2022-05-18,123.0
2022-05-19,142.0
2022-05-20,130.0
2022-05-21,132.0
2022-05-22,130.0
2022-05-23,127.0
2022-05-24,136.0
2022-05-25,127.0
2022-05-26,138.0
2022-05-27,135.0
2022-05-28,132.0
2022-05-29,126.0
2022-05-30,129.0
2022-05-31,142.0
2022-06-01,139.0
2022-06-02,124.0
2022-06-03,134.0
2022-06-04,141.0
2022-06-05,116.0
2022-06-06,138.0
2022-06-07,126.0
2022-06-08,138.0
2022-06-09,124.0
2022-06-10,113.0
2022-06-11,115.0
2022-06-12,131.0
2022-06-13,133.0
2022-06-14,121.0
2022-06-15,137.0
2022-06-16,113.0
2022-06-17,129.0
2022-06-18,117.0
2022-06-19,122.0
2022-06-20,129.0
2022-06-21,120.0
2022-06-22,124.0
2022-06-23,138.0
2022-06-24,122.0
2022-06-25,136.0
2022-06-26,116.0
2022-06-27,132.0
2022-06-28,141.0
2022-06-29,101.0
2022-06-30,118.0
2022-07-01,131.0
2022-07-02,123.0
2022-07-03,129.0
2022-07-04,119.0
2022-07-05,125.0
2022-07-06,122.0
2022-07-07,135.0
2022-07-08,126.0
2022-07-09,126.0
2022-07-10,119.0
2022-07-11,118.0
2022-07-12,118.0
2022-07-13,126.0
2022-07-14,117.0
2022-07-15,124.0
2022-07-16,142.0
2022-07-17,129.0
2022-07-18,117.0
2022-07-19,132.0
2022-07-20,116.0
2022-07-21,99.0
2022-07-22,109.0
2022-07-23,100.0
2022-07-24,115.0
2022-07-25,119.0
2022-07-26,135.0
2022-07-27,121.0
2022-07-28,115.0
2022-07-29,126.0
2022-07-30,95.0
2022-07-31,119.0
2022-08-01,124.0
2022-08-02,102.0
2022-08-03,128.0
2022-08-04,119.0
2022-08-05,111.0
2022-08-06,122.0
2022-08-07,138.0
2022-08-08,117.0
2022-08-09,117.0
2022-08-10,110.0
2022-08-11,106.0
2022-08-12,122.0
2022-08-13,105.0
2022-08-14,114.0
2022-08-15,109.0
2022-08-16,118.0
2022-08-17,116.0
2022-08-18,123.0
2022-08-19,108.0
2022-08-20,110.0
2022-08-21,102.0
2022-08-22,108.0
2022-08-23,116.0
2022-08-24,119.0
2022-08-25,102.0
2022-08-26,120.0
2022-08-27,125.0
2022-08-28,115.0
2022-08-29,130.0
2022-08-30,103.0
2022-08-31,98.0
2022-09-01,93.0
2022-09-02,125.0
2022-09-03,117.0
2022-09-04,110.0
2022-09-05,113.0
2022-09-06,99.0
2022-09-07,134.0
2022-09-08,111.0
2022-09-09,111.0
2022-09-10,117.0
2022-09-11,114.0
2022-09-12,112.0
2022-09-13,101.0
2022-09-14,114.0
2022-09-15,128.0
2022-09-16,123.0
2022-09-17,125.0
2022-09-18,104.0
2022-09-19,99.0
2022-09-20,108.0
2022-09-21,110.0
2022-09-22,120.0
2022-09-23,92.0
2022-09-24,124.0
2022-09-25,107.0
2022-09-26,105.0
2022-09-27,99.0
2022-09-28,93.0
2022-09-29,117.0
2022-09-30,110.0
2022-10-01,96.0
2022-10-02,96.0
2022-10-03,106.0
2022-10-04,126.0
2022-10-05,107.0
2022-10-06,94.0
2022-10-07,107.0
2022-10-08,107.0
2022-10-09,83.0
2022-10-10,109.0
2022-10-11,108.0
2022-10-12,117.0
2022-10-13,129.0
2022-10-14,121.0
2022-10-15,108.0
2022-10-16,99.0
2022-10-17,136.0
2022-10-18,111.0
2022-10-19,111.0
2022-10-20,111.0
2022-10-21,113.0
2022-10-22,110.0
2022-10-23,106.0
2022-10-24,106.0
2022-10-25,112.0
2022-10-26,107.0
2022-10-27,105.0
2022-10-28,113.0
2022-10-29,110.0
2022-10-30,128.0
2022-10-31,87.0
2022-11-01,124.0
2022-11-02,126.0
2022-11-03,93.0
2022-11-04,110.0
2022-11-05,110.0
2022-11-06,100.0
2022-11-07,107.0
2022-11-08,104.0
2022-11-09,133.0
2022-11-10,125.0
2022-11-11,128.0
2022-11-12,123.0
2022-11-13,105.0
2022-11-14,111.0
2022-11-15,122.0
2022-11-16,105.0
2022-11-17,124.0
2022-11-18,115.0
2022-11-19,114.0
2022-11-20,125.0
2022-11-21,123.0
2022-11-22,115.0
2022-11-23,131.0
2022-11-24,109.0
2022-11-25,126.0
2022-11-26,126.0
2022-11-27,117.0
2022-11-28,124.0
2022-11-29,109.0
2022-11-30,131.0
2022-12-01,120.0
2022-12-02,117.0
2022-12-03,133.0
2022-12-04,116.0
2022-12-05,109.0
2022-12-06,108.0
2022-12-07,130.0
2022-12-08,111.0
2022-12-09,142.0
2022-12-10,104.0
2022-12-11,142.0
2022-12-12,128.0
2022-12-13,125.0
2022-12-14,121.0
2022-12-15,131.0
2022-12-16,127.0
2022-12-17,139.0
2022-12-18,129.0
2022-12-19,130.0
2022-12-20,125.0
2022-12-21,129.0
2022-12-22,133.0
2022-12-23,113.0
2022-12-24,117.0
2022-12-25,138.0
2022-12-26,133.0
2022-12-27,130.0
2022-12-28,132.0
2022-12-29,136.0
2022-12-30,127.0
2022-12-31,125.0
2023-01-01,135.0
2023-01-02,124.0
2023-01-03,138.0
2023-01-04,118.0
2023-01-05,145.0
2023-01-06,140.0
2023-01-07,138.0
2023-01-08,146.0
2023-01-09,153.0
2023-01-10,147.0
2023-01-11,119.0
2023-01-12,125.0
2023-01-13,132.0
2023-01-14,139.0
2023-01-15,144.0
2023-01-16,132.0
2023-01-17,141.0
2023-01-18,132.0
2023-01-19,134.0
2023-01-20,127.0
2023-01-21,132.0
2023-01-22,128.0
2023-01-23,132.0
2023-01-24,153.0
2023-01-25,133.0
2023-01-26,169.0
2023-01-27,148.0
2023-01-28,145.0
2023-01-29,135.0
2023-01-30,151.0
2023-01-31,139.0
2023-02-01,146.0
2023-02-02,171.0
2023-02-03,145.0
2023-02-04,157.0
2023-02-05,139.0
2023-02-06,146.0
2023-02-07,165.0
2023-02-08,141.0
2023-02-09,166.0
2023-02-10,155.0
2023-02-11,143.0
2023-02-12,155.0
2023-02-13,159.0
2023-02-14,155.0
2023-02-15,134.0
2023-02-16,142.0
2023-02-17,148.0
2023-02-18,150.0
2023-02-19,157.0
2023-02-20,153.0
2023-02-21,138.0
2023-02-22,155.0
2023-02-23,158.0
2023-02-24,157.0
2023-02-25,163.0
2023-02-26,161.0
2023-02-27,157.0
2023-02-28,152.0
2023-03-01,136.0
2023-03-02,158.0
2023-03-03,156.0
2023-03-04,156.0
2023-03-05,141.0
2023-03-06,143.0
2023-03-07,165.0
2023-03-08,154.0
2023-03-09,162.0
2023-03-10,155.0
2023-03-11,155.0
2023-03-12,165.0
2023-03-13,150.0
2023-03-14,157.0
2023-03-15,151.0
2023-03-16,152.0
2023-03-17,153.0
2023-03-18,158.0
2023-03-19,151.0
2023-03-20,169.0
2023-03-21,148.0
2023-03-22,155.0
2023-03-23,152.0
2023-03-24,171.0
2023-03-25,159.0
2023-03-26,167.0
2023-03-27,142.0
2023-03-28,160.0
2023-03-29,166.0
2023-03-30,158.0
2023-03-31,168.0
2023-04-01,152.0
2023-04-02,172.0
2023-04-03,181.0
2023-04-04,154.0
2023-04-05,153.0
2023-04-06,172.0
2023-04-07,173.0
2023-04-08,152.0
2023-04-09,154.0
2023-04-10,155.0
2023-04-11,144.0
2023-04-12,149.0
2023-04-13,148.0
2023-04-14,150.0
2023-04-15,157.0
2023-04-16,160.0
2023-04-17,173.0
2023-04-18,148.0
2023-04-19,167.0
2023-04-20,155.0
2023-04-21,157.0
2023-04-22,164.0
2023-04-23,146.0
2023-04-24,161.0
2023-04-25,159.0
2023-04-26,162.0
2023-04-27,160.0
2023-04-28,181.0
2023-04-29,150.0
2023-04-30,151.0
2023-05-01,150.0
2023-05-02,151.0
2023-05-03,150.0
2023-05-04,168.0
2023-05-05,170.0
2023-05-06,150.0
2023-05-07,147.0
2023-05-08,160.0
2023-05-09,150.0
2023-05-10,162.0
2023-05-11,157.0
2023-05-12,140.0
2023-05-13,170.0
2023-05-14,172.0
2023-05-15,148.0
2023-05-16,150.0
2023-05-17,157.0
2023-05-18,157.0
2023-05-19,160.0
2023-05-20,173.0
2023-05-21,151.0
2023-05-22,145.0
2023-05-23,139.0
2023-05-24,145.0
2023-05-25,152.0
2023-05-26,170.0
2023-05-27,147.0
2023-05-28,154.0
2023-05-29,151.0
2023-05-30,163.0
2023-05-31,176.0
2023-06-01,145.0
2023-06-02,145.0
2023-06-03,161.0
2023-06-04,157.0
2023-06-05,168.0
2023-06-06,155.0
2023-06-07,145.0
2023-06-08,155.0
2023-06-09,160.0
2023-06-10,156.0
2023-06-11,153.0
2023-06-12,158.0
2023-06-13,159.0
2023-06-14,161.0
2023-06-15,153.0
2023-06-16,145.0
2023-06-17,148.0
2023-06-18,158.0
2023-06-19,138.0
2023-06-20,149.0
2023-06-21,141.0
2023-06-22,145.0
2023-06-23,157.0
2023-06-24,146.0
2023-06-25,144.0
2023-06-26,130.0
2023-06-27,151.0
2023-06-28,150.0
2023-06-29,164.0
2023-06-30,139.0
2023-07-01,144.0
2023-07-02,144.0
2023-07-03,157.0
2023-07-04,140.0
2023-07-05,144.0
2023-07-06,147.0
2023-07-07,142.0
2023-07-08,136.0
2023-07-09,142.0
2023-07-10,150.0
2023-07-11,129.0
2023-07-12,140.0
2023-07-13,132.0
2023-07-14,150.0
2023-07-15,123.0
2023-07-16,132.0
2023-07-17,141.0
2023-07-18,153.0
2023-07-19,136.0
2023-07-20,131.0
2023-07-21,155.0
2023-07-22,122.0
2023-07-23,114.0
2023-07-24,140.0
2023-07-25,130.0
2023-07-26,125.0
2023-07-27,142.0
2023-07-28,137.0
2023-07-29,128.0
2023-07-30,121.0
2023-07-31,142.0
2023-08-01,140.0
2023-08-02,132.0
2023-08-03,151.0
2023-08-04,122.0
2023-08-05,117.0
2023-08-06,125.0
2023-08-07,131.0
2023-08-08,134.0
2023-08-09,129.0
2023-08-10,135.0
2023-08-11,118.0
2023-08-12,145.0
2023-08-13,130.0
2023-08-14,141.0
2023-08-15,134.0
2023-08-16,134.0
2023-08-17,135.0
2023-08-18,134.0
2023-08-19,136.0
2023-08-20,142.0
2023-08-21,131.0
2023-08-22,136.0
2023-08-23,128.0
2023-08-24,143.0
2023-08-25,121.0
2023-08-26,146.0
2023-08-27,128.0
2023-08-28,113.0
2023-08-29,129.0
2023-08-30,121.0
2023-08-31,136.0
2023-09-01,121.0
2023-09-02,123.0
2023-09-03,108.0
2023-09-04,122.0
2023-09-05,102.0
2023-09-06,111.0
2023-09-07,134.0
2023-09-08,134.0
2023-09-09,131.0
2023-09-10,117.0
2023-09-11,126.0
2023-09-12,126.0
2023-09-13,114.0
2023-09-14,141.0
2023-09-15,135.0
2023-09-16,124.0
2023-09-17,126.0
2023-09-18,128.0
2023-09-19,105.0
2023-09-20,123.0
2023-09-21,119.0
2023-09-22,116.0
2023-09-23,123.0
2023-09-24,144.0
2023-09-25,132.0
2023-09-26,120.0
2023-09-27,131.0
2023-09-28,140.0
2023-09-29,135.0
2023-09-30,126.0
2023-10-01,119.0
2023-10-02,133.0
2023-10-03,130.0
2023-10-04,135.0
2023-10-05,132.0
2023-10-06,137.0
2023-10-07,121.0
2023-10-08,139.0
2023-10-09,128.0
2023-10-10,147.0
2023-10-11,120.0
2023-10-12,144.0
2023-10-13,129.0
2023-10-14,120.0
2023-10-15,122.0
2023-10-16,124.0
2023-10-17,131.0
2023-10-18,133.0
2023-10-19,122.0
2023-10-20,127.0
2023-10-21,149.0
2023-10-22,145.0
2023-10-23,133.0
2023-10-24,129.0
2023-10-25,130.0
2023-10-26,135.0
2023-10-27,119.0
2023-10-28,127.0
2023-10-29,113.0
2023-10-30,133.0
2023-10-31,136.0
2023-11-01,125.0
2023-11-02,146.0
2023-11-03,118.0
2023-11-04,116.0
2023-11-05,133.0
2023-11-06,142.0
2023-11-07,148.0
2023-11-08,127.0
2023-11-09,143.0
2023-11-10,132.0
2023-11-11,131.0
2023-11-12,141.0
2023-11-13,139.0
2023-11-14,117.0
2023-11-15,148.0
2023-11-16,148.0
2023-11-17,128.0
2023-11-18,138.0
2023-11-19,140.0
2023-11-20,138.0
2023-11-21,130.0
2023-11-22,129.0
2023-11-23,136.0
2023-11-24,148.0
2023-11-25,142.0
2023-11-26,133.0
2023-11-27,145.0
2023-11-28,109.0
2023-11-29,149.0
2023-11-30,121.0
2023-12-01,135.0
2023-12-02,128.0
2023-12-03,126.0
2023-12-04,151.0
2023-12-05,135.0
2023-12-06,144.0
2023-12-07,140.0
2023-12-08,146.0
2023-12-09,142.0
2023-12-10,129.0
2023-12-11,152.0
2023-12-12,137.0
2023-12-13,127.0
2023-12-14,139.0
2023-12-15,159.0
2023-12-16,152.0
2023-12-17,141.0
2023-12-18,141.0
2023-12-19,142.0
2023-12-20,166.0
2023-12-21,150.0
2023-12-22,150.0
2023-12-23,157.0
2023-12-24,149.0
2023-12-25,145.0
2023-12-26,146.0
2023-12-27,147.0
2023-12-28,148.0
2023-12-29,156.0
2023-12-30,150.0
2023-12-31,157.0
